/*
 Navicat Premium Dump SQL

 Source Server         : LOCALHOST
 Source Server Type    : MySQL
 Source Server Version : 90400 (9.4.0)
 Source Host           : localhost:3306
 Source Schema         : fastcrud

 Target Server Type    : MySQL
 Target Server Version : 90400 (9.4.0)
 File Encoding         : 65001

 Date: 02/07/2026 22:30:21
*/

SET NAMES utf8mb4;
SET FOREIGN_KEY_CHECKS = 0;

-- ----------------------------
-- Table structure for categories
-- ----------------------------
DROP TABLE IF EXISTS `categories`;
CREATE TABLE `categories` (
  `id` int NOT NULL AUTO_INCREMENT,
  `created_at` timestamp NULL DEFAULT CURRENT_TIMESTAMP,
  `name` varchar(100) CHARACTER SET utf8mb4 COLLATE utf8mb4_unicode_ci DEFAULT NULL,
  `slug` varchar(100) CHARACTER SET utf8mb4 COLLATE utf8mb4_unicode_ci NOT NULL,
  `description` text CHARACTER SET utf8mb4 COLLATE utf8mb4_unicode_ci,
  `sort_order` int DEFAULT NULL,
  `parent_id` int DEFAULT NULL,
  `is_active` tinyint(1) DEFAULT NULL,
  `updated_at` timestamp NULL DEFAULT CURRENT_TIMESTAMP ON UPDATE CURRENT_TIMESTAMP,
  `sdvdsv` varchar(255) COLLATE utf8mb4_unicode_ci DEFAULT NULL,
  `ddv` varchar(255) COLLATE utf8mb4_unicode_ci DEFAULT NULL,
  `bggb` varchar(255) COLLATE utf8mb4_unicode_ci DEFAULT NULL,
  `eefef` varchar(255) COLLATE utf8mb4_unicode_ci DEFAULT NULL,
  PRIMARY KEY (`id`),
  UNIQUE KEY `slug` (`slug`),
  KEY `idx_slug` (`slug`),
  KEY `idx_parent` (`parent_id`)
) ENGINE=InnoDB AUTO_INCREMENT=21 DEFAULT CHARSET=utf8mb4 COLLATE=utf8mb4_unicode_ci;

-- ----------------------------
-- Records of categories
-- ----------------------------
BEGIN;
INSERT INTO `categories` (`id`, `created_at`, `name`, `slug`, `description`, `sort_order`, `parent_id`, `is_active`, `updated_at`, `sdvdsv`, `ddv`, `bggb`, `eefef`) VALUES (1, '2025-09-16 13:31:16', 'Technology', 'technology', 'All things tech, software, and hardware', 1, NULL, 1, '2025-09-16 13:31:16', NULL, NULL, NULL, NULL);
INSERT INTO `categories` (`id`, `created_at`, `name`, `slug`, `description`, `sort_order`, `parent_id`, `is_active`, `updated_at`, `sdvdsv`, `ddv`, `bggb`, `eefef`) VALUES (2, '2025-09-16 13:31:16', 'Programming', 'programming', 'Programming languages and development', 1, 1, 1, '2025-09-16 13:31:16', NULL, NULL, NULL, NULL);
INSERT INTO `categories` (`id`, `created_at`, `name`, `slug`, `description`, `sort_order`, `parent_id`, `is_active`, `updated_at`, `sdvdsv`, `ddv`, `bggb`, `eefef`) VALUES (3, '2025-09-16 13:31:16', 'Web Development', 'web-development', 'Frontend and backend web technologies', 1, 2, 1, '2025-09-16 13:31:16', NULL, NULL, NULL, NULL);
INSERT INTO `categories` (`id`, `created_at`, `name`, `slug`, `description`, `sort_order`, `parent_id`, `is_active`, `updated_at`, `sdvdsv`, `ddv`, `bggb`, `eefef`) VALUES (4, '2025-09-16 13:31:16', 'Mobile Development', 'mobile-development', 'iOS, Android, and cross-platform development', 2, 2, 1, '2025-09-16 13:31:16', NULL, NULL, NULL, NULL);
INSERT INTO `categories` (`id`, `created_at`, `name`, `slug`, `description`, `sort_order`, `parent_id`, `is_active`, `updated_at`, `sdvdsv`, `ddv`, `bggb`, `eefef`) VALUES (5, '2025-09-16 13:31:16', 'Business', 'business', 'Business news, strategies, and insights', 2, NULL, 1, '2025-09-16 13:31:16', NULL, NULL, NULL, NULL);
INSERT INTO `categories` (`id`, `created_at`, `name`, `slug`, `description`, `sort_order`, `parent_id`, `is_active`, `updated_at`, `sdvdsv`, `ddv`, `bggb`, `eefef`) VALUES (6, '2025-09-16 13:31:16', 'Marketing', 'marketing', 'Digital marketing, SEO, and advertising', 1, 5, 1, '2025-09-16 13:31:16', NULL, NULL, NULL, NULL);
INSERT INTO `categories` (`id`, `created_at`, `name`, `slug`, `description`, `sort_order`, `parent_id`, `is_active`, `updated_at`, `sdvdsv`, `ddv`, `bggb`, `eefef`) VALUES (7, '2025-09-16 13:31:16', 'Finance', 'finance', 'Financial news, tips, and analysis', 2, 5, 1, '2025-09-16 13:31:16', NULL, NULL, NULL, NULL);
INSERT INTO `categories` (`id`, `created_at`, `name`, `slug`, `description`, `sort_order`, `parent_id`, `is_active`, `updated_at`, `sdvdsv`, `ddv`, `bggb`, `eefef`) VALUES (8, '2025-09-16 13:31:16', 'Lifestyle', 'lifestyle', 'Health, wellness, and personal development', 3, NULL, 1, '2025-09-16 13:31:16', NULL, NULL, NULL, NULL);
INSERT INTO `categories` (`id`, `created_at`, `name`, `slug`, `description`, `sort_order`, `parent_id`, `is_active`, `updated_at`, `sdvdsv`, `ddv`, `bggb`, `eefef`) VALUES (9, '2025-09-16 13:31:16', 'Travel', 'travel', 'Travel guides, tips, and destinations', 1, 8, 1, '2025-09-16 13:31:16', NULL, NULL, NULL, NULL);
INSERT INTO `categories` (`id`, `created_at`, `name`, `slug`, `description`, `sort_order`, `parent_id`, `is_active`, `updated_at`, `sdvdsv`, `ddv`, `bggb`, `eefef`) VALUES (10, '2025-09-16 13:31:16', 'Food & Cooking', 'food-cooking', 'Recipes, restaurants, and culinary tips', 2, 8, 1, '2025-09-16 13:31:16', NULL, NULL, NULL, NULL);
INSERT INTO `categories` (`id`, `created_at`, `name`, `slug`, `description`, `sort_order`, `parent_id`, `is_active`, `updated_at`, `sdvdsv`, `ddv`, `bggb`, `eefef`) VALUES (11, '2025-09-16 13:31:16', 'Education', 'education', 'Learning resources and educational content', 4, NULL, 1, '2025-09-16 13:31:16', NULL, NULL, NULL, NULL);
INSERT INTO `categories` (`id`, `created_at`, `name`, `slug`, `description`, `sort_order`, `parent_id`, `is_active`, `updated_at`, `sdvdsv`, `ddv`, `bggb`, `eefef`) VALUES (12, '2025-09-16 13:31:16', 'Online Courses', 'online-courses', 'E-learning and digital education', 1, 11, 1, '2025-09-16 13:31:16', NULL, NULL, NULL, NULL);
INSERT INTO `categories` (`id`, `created_at`, `name`, `slug`, `description`, `sort_order`, `parent_id`, `is_active`, `updated_at`, `sdvdsv`, `ddv`, `bggb`, `eefef`) VALUES (13, '2025-09-16 13:31:16', 'Tutorials', 'tutorials', 'How-to guides and step-by-step instructions', 2, 11, 1, '2025-09-16 13:31:16', NULL, NULL, NULL, NULL);
INSERT INTO `categories` (`id`, `created_at`, `name`, `slug`, `description`, `sort_order`, `parent_id`, `is_active`, `updated_at`, `sdvdsv`, `ddv`, `bggb`, `eefef`) VALUES (14, '2025-09-16 13:31:16', 'News & Updates', 'news-updates', 'Latest news and platform updates', 5, NULL, 1, '2025-09-16 13:31:16', NULL, NULL, NULL, NULL);
INSERT INTO `categories` (`id`, `created_at`, `name`, `slug`, `description`, `sort_order`, `parent_id`, `is_active`, `updated_at`, `sdvdsv`, `ddv`, `bggb`, `eefef`) VALUES (15, '2025-09-16 13:31:16', 'Announcements', 'announcements', 'Official announcements and releases', 1, 14, 1, '2025-09-16 13:31:16', NULL, NULL, NULL, NULL);
INSERT INTO `categories` (`id`, `created_at`, `name`, `slug`, `description`, `sort_order`, `parent_id`, `is_active`, `updated_at`, `sdvdsv`, `ddv`, `bggb`, `eefef`) VALUES (16, '2025-09-16 13:31:16', 'Security', 'security', 'Security updates and best practices', 6, NULL, 1, '2025-09-16 13:31:16', NULL, NULL, NULL, NULL);
INSERT INTO `categories` (`id`, `created_at`, `name`, `slug`, `description`, `sort_order`, `parent_id`, `is_active`, `updated_at`, `sdvdsv`, `ddv`, `bggb`, `eefef`) VALUES (17, '2025-09-16 13:31:16', 'Privacy', 'privacy', 'Data privacy and protection', 1, 16, 1, '2025-09-16 13:31:16', NULL, NULL, NULL, NULL);
INSERT INTO `categories` (`id`, `created_at`, `name`, `slug`, `description`, `sort_order`, `parent_id`, `is_active`, `updated_at`, `sdvdsv`, `ddv`, `bggb`, `eefef`) VALUES (18, '2025-09-16 13:31:16', 'Entertainment', 'entertainment', 'Movies, music, games, and more', 7, NULL, 1, '2025-09-16 13:31:16', NULL, NULL, NULL, NULL);
INSERT INTO `categories` (`id`, `created_at`, `name`, `slug`, `description`, `sort_order`, `parent_id`, `is_active`, `updated_at`, `sdvdsv`, `ddv`, `bggb`, `eefef`) VALUES (19, '2025-09-16 13:31:16', 'Gaming', 'gaming', 'Video games and gaming culture', 1, 18, 1, '2025-09-16 13:31:16', NULL, NULL, NULL, NULL);
INSERT INTO `categories` (`id`, `created_at`, `name`, `slug`, `description`, `sort_order`, `parent_id`, `is_active`, `updated_at`, `sdvdsv`, `ddv`, `bggb`, `eefef`) VALUES (20, '2025-09-16 13:31:16', 'Music', 'music', 'Music news, reviews, and recommendations', 2, 18, 1, '2025-09-16 13:31:16', NULL, NULL, NULL, NULL);
COMMIT;

-- ----------------------------
-- Table structure for config
-- ----------------------------
DROP TABLE IF EXISTS `config`;
CREATE TABLE `config` (
  `config_key` varchar(191) CHARACTER SET utf8mb4 COLLATE utf8mb4_unicode_ci NOT NULL,
  `config_value` text CHARACTER SET utf8mb4 COLLATE utf8mb4_unicode_ci,
  `modified_at` timestamp NOT NULL DEFAULT CURRENT_TIMESTAMP ON UPDATE CURRENT_TIMESTAMP,
  PRIMARY KEY (`config_key`)
) ENGINE=InnoDB DEFAULT CHARSET=utf8mb4 COLLATE=utf8mb4_unicode_ci ROW_FORMAT=DYNAMIC;

-- ----------------------------
-- Records of config
-- ----------------------------
BEGIN;
INSERT INTO `config` (`config_key`, `config_value`, `modified_at`) VALUES ('gradient_presets', '{\"Farhan\":\"linear-gradient(to right, rgb(148, 0, 211), rgb(75, 0, 130))\",\"Purple\":\"linear-gradient(to right, rgb(200, 78, 137), rgb(241, 95, 121))\",\"Ibtesam\":\"linear-gradient(to right, rgb(0, 245, 160), rgb(0, 217, 245))\",\"The Sky And The Sea\":\"linear-gradient(to right, rgb(247, 148, 30), rgb(0, 78, 143))\",\"From Ice To Fire\":\"linear-gradient(to right, rgb(114, 198, 239), rgb(0, 78, 143))\",\"Blue & Orange\":\"linear-gradient(to right, rgb(253, 129, 18), rgb(0, 133, 202))\",\"Purple Dream\":\"linear-gradient(to right, rgb(191, 90, 224), rgb(168, 17, 218))\",\"Blu\":\"linear-gradient(to right, rgb(0, 65, 106), rgb(228, 229, 230))\",\"Summer Breeze\":\"linear-gradient(to right, rgb(251, 237, 150), rgb(171, 236, 214))\",\"Ver\":\"linear-gradient(to right, rgb(255, 224, 0), rgb(121, 159, 12))\",\"Ver Black\":\"linear-gradient(to right, rgb(247, 248, 248), rgb(172, 187, 120))\",\"Anwar\":\"linear-gradient(to right, rgb(51, 77, 80), rgb(203, 202, 165))\",\"Reaqua\":\"linear-gradient(to right, rgb(121, 159, 12), rgb(172, 187, 120))\",\"Mango\":\"linear-gradient(to right, rgb(255, 226, 89), rgb(255, 167, 81))\",\"Bupe\":\"linear-gradient(to right, rgb(0, 65, 106), rgb(228, 229, 230))\",\"Rea\":\"linear-gradient(to right, rgb(255, 224, 0), rgb(121, 159, 12))\",\"Windy\":\"linear-gradient(to right, rgb(172, 182, 229), rgb(134, 253, 232))\",\"Royal Blue\":\"linear-gradient(to right, rgb(83, 105, 118), rgb(41, 46, 73))\",\"Copper\":\"linear-gradient(to right, rgb(183, 152, 145), rgb(148, 113, 107))\",\"Anamnisar\":\"linear-gradient(to right, rgb(151, 150, 240), rgb(251, 199, 212))\",\"Petrol\":\"linear-gradient(to right, rgb(187, 210, 197), rgb(83, 105, 118))\",\"Sky\":\"linear-gradient(to right, rgb(7, 101, 133), rgb(255, 255, 255))\",\"Sel\":\"linear-gradient(to right, rgb(0, 70, 127), rgb(165, 204, 130))\",\"Afternoon\":\"linear-gradient(to right, rgb(0, 12, 64), rgb(96, 125, 139))\",\"Skyline\":\"linear-gradient(to right, rgb(20, 136, 204), rgb(43, 50, 178))\",\"DIMIGO\":\"linear-gradient(to right, rgb(236, 0, 140), rgb(252, 103, 103))\",\"Purple Love\":\"linear-gradient(to right, rgb(204, 43, 94), rgb(117, 58, 136))\",\"Sexy Blue\":\"linear-gradient(to right, rgb(33, 147, 176), rgb(109, 213, 237))\",\"Blooker20\":\"linear-gradient(to right, rgb(230, 92, 0), rgb(249, 212, 35))\",\"Sea Blue\":\"linear-gradient(to right, rgb(43, 88, 118), rgb(78, 67, 118))\",\"Nimvelo\":\"linear-gradient(to right, rgb(49, 71, 85), rgb(38, 160, 218))\",\"Noon to Dusk\":\"linear-gradient(to right, rgb(255, 110, 127), rgb(191, 233, 255))\",\"YouTube\":\"linear-gradient(to right, rgb(229, 45, 39), rgb(179, 18, 23))\",\"Cool Brown\":\"linear-gradient(to right, rgb(96, 56, 19), rgb(178, 159, 148))\",\"Harmonic Energy\":\"linear-gradient(to right, rgb(22, 160, 133), rgb(244, 208, 63))\",\"Playing with Reds\":\"linear-gradient(to right, rgb(211, 16, 39), rgb(234, 56, 77))\",\"Sunny Days\":\"linear-gradient(to right, rgb(237, 229, 116), rgb(225, 245, 196))\",\"Green Beach\":\"linear-gradient(to right, rgb(2, 170, 176), rgb(0, 205, 172))\",\"Intuitive Purple\":\"linear-gradient(to right, rgb(218, 34, 255), rgb(151, 51, 238))\",\"Emerald Water\":\"linear-gradient(to right, rgb(52, 143, 80), rgb(86, 180, 211))\",\"Lemon Twist\":\"linear-gradient(to right, rgb(60, 165, 92), rgb(181, 172, 73))\",\"Horizon\":\"linear-gradient(to right, rgb(0, 57, 115), rgb(229, 229, 190))\",\"Rose Water\":\"linear-gradient(to right, rgb(229, 93, 135), rgb(95, 195, 228))\",\"Frozen\":\"linear-gradient(to right, rgb(64, 59, 74), rgb(231, 233, 187))\",\"Mango Pulp\":\"linear-gradient(to right, rgb(240, 152, 25), rgb(237, 222, 93))\",\"Bloody Mary\":\"linear-gradient(to right, rgb(255, 81, 47), rgb(221, 36, 118))\",\"Aubergine\":\"linear-gradient(to right, rgb(170, 7, 107), rgb(97, 4, 95))\",\"Aqua Marine\":\"linear-gradient(to right, rgb(26, 41, 128), rgb(38, 208, 206))\",\"Sunrise\":\"linear-gradient(to right, rgb(255, 81, 47), rgb(240, 152, 25))\",\"Purple Paradise\":\"linear-gradient(to right, rgb(29, 43, 100), rgb(248, 205, 218))\",\"Sea Weed\":\"linear-gradient(to right, rgb(76, 184, 196), rgb(60, 211, 173))\",\"Pinky\":\"linear-gradient(to right, rgb(221, 94, 137), rgb(247, 187, 151))\",\"Cherry\":\"linear-gradient(to right, rgb(235, 51, 73), rgb(244, 92, 67))\",\"Mojito\":\"linear-gradient(to right, rgb(29, 151, 108), rgb(147, 249, 185))\",\"Juicy Orange\":\"linear-gradient(to right, rgb(255, 128, 8), rgb(255, 200, 55))\",\"Mirage\":\"linear-gradient(to right, rgb(22, 34, 42), rgb(58, 96, 115))\",\"Steel Gray\":\"linear-gradient(to right, rgb(31, 28, 44), rgb(146, 141, 171))\",\"Kashmir\":\"linear-gradient(to right, rgb(97, 67, 133), rgb(81, 99, 149))\",\"Electric Violet\":\"linear-gradient(to right, rgb(71, 118, 230), rgb(142, 84, 233))\",\"Venice Blue\":\"linear-gradient(to right, rgb(8, 80, 120), rgb(133, 216, 206))\",\"Bora Bora\":\"linear-gradient(to right, rgb(43, 192, 228), rgb(234, 236, 198))\",\"Moss\":\"linear-gradient(to right, rgb(19, 78, 94), rgb(113, 178, 128))\",\"Shroom Haze\":\"linear-gradient(to right, rgb(92, 37, 141), rgb(67, 137, 162))\",\"Mystic\":\"linear-gradient(to right, rgb(117, 127, 154), rgb(215, 221, 232))\",\"Midnight City\":\"linear-gradient(to right, rgb(35, 37, 38), rgb(65, 67, 69))\",\"Sea Blizz\":\"linear-gradient(to right, rgb(28, 216, 210), rgb(147, 237, 199))\",\"Opa\":\"linear-gradient(to right, rgb(61, 126, 170), rgb(255, 228, 122))\",\"Titanium\":\"linear-gradient(to right, rgb(40, 48, 72), rgb(133, 147, 152))\",\"Mantle\":\"linear-gradient(to right, rgb(36, 198, 220), rgb(81, 74, 157))\",\"Dracula\":\"linear-gradient(to right, rgb(220, 36, 36), rgb(74, 86, 157))\",\"Peach\":\"linear-gradient(to right, rgb(237, 66, 100), rgb(255, 237, 188))\",\"Moonrise\":\"linear-gradient(to right, rgb(218, 226, 248), rgb(214, 164, 164))\",\"Clouds\":\"linear-gradient(to right, rgb(236, 233, 230), rgb(255, 255, 255))\",\"Stellar\":\"linear-gradient(to right, rgb(116, 116, 191), rgb(52, 138, 199))\",\"Bourbon\":\"linear-gradient(to right, rgb(236, 111, 102), rgb(243, 161, 131))\",\"Calm Darya\":\"linear-gradient(to right, rgb(95, 44, 130), rgb(73, 160, 157))\",\"Influenza\":\"linear-gradient(to right, rgb(192, 72, 72), rgb(72, 0, 72))\",\"Shrimpy\":\"linear-gradient(to right, rgb(228, 58, 21), rgb(230, 82, 69))\",\"Army\":\"linear-gradient(to right, rgb(65, 77, 11), rgb(114, 122, 23))\",\"Miaka\":\"linear-gradient(to right, rgb(252, 53, 76), rgb(10, 191, 188))\",\"Pinot Noir\":\"linear-gradient(to right, rgb(75, 108, 183), rgb(24, 40, 72))\",\"Day Tripper\":\"linear-gradient(to right, rgb(248, 87, 166), rgb(255, 88, 88))\",\"Namn\":\"linear-gradient(to right, rgb(167, 55, 55), rgb(122, 40, 40))\",\"Blurry Beach\":\"linear-gradient(to right, rgb(213, 51, 105), rgb(203, 173, 109))\",\"Vasily\":\"linear-gradient(to right, rgb(233, 211, 98), rgb(51, 51, 51))\",\"A Lost Memory\":\"linear-gradient(to right, rgb(222, 98, 98), rgb(255, 184, 140))\",\"Petrichor\":\"linear-gradient(to right, rgb(102, 102, 0), rgb(153, 153, 102))\",\"Jonquil\":\"linear-gradient(to right, rgb(255, 238, 238), rgb(221, 239, 187))\",\"Sirius Tamed\":\"linear-gradient(to right, rgb(239, 239, 187), rgb(212, 211, 221))\",\"Kyoto\":\"linear-gradient(to right, rgb(194, 21, 0), rgb(255, 197, 0))\",\"Misty Meadow\":\"linear-gradient(to right, rgb(33, 95, 0), rgb(228, 228, 217))\",\"Aqualicious\":\"linear-gradient(to right, rgb(80, 201, 195), rgb(150, 222, 218))\",\"Moor\":\"linear-gradient(to right, rgb(97, 97, 97), rgb(155, 197, 195))\",\"Almost\":\"linear-gradient(to right, rgb(221, 214, 243), rgb(250, 172, 168))\",\"Forever Lost\":\"linear-gradient(to right, rgb(93, 65, 87), rgb(168, 202, 186))\",\"Winter\":\"linear-gradient(to right, rgb(230, 218, 218), rgb(39, 64, 70))\",\"Nelson\":\"linear-gradient(to right, rgb(242, 112, 156), rgb(255, 148, 114))\",\"Autumn\":\"linear-gradient(to right, rgb(218, 210, 153), rgb(176, 218, 185))\",\"Candy\":\"linear-gradient(to right, rgb(211, 149, 155), rgb(191, 230, 186))\",\"Reef\":\"linear-gradient(to right, rgb(0, 210, 255), rgb(58, 123, 213))\",\"The Strain\":\"linear-gradient(to right, rgb(135, 0, 0), rgb(25, 10, 5))\",\"Dirty Fog\":\"linear-gradient(to right, rgb(185, 147, 214), rgb(140, 166, 219))\",\"Earthly\":\"linear-gradient(to right, rgb(100, 145, 115), rgb(219, 213, 164))\",\"Virgin\":\"linear-gradient(to right, rgb(201, 255, 191), rgb(255, 175, 189))\",\"Ash\":\"linear-gradient(to right, rgb(96, 108, 136), rgb(63, 76, 107))\",\"Cherryblossoms\":\"linear-gradient(to right, rgb(251, 211, 233), rgb(187, 55, 125))\",\"Parklife\":\"linear-gradient(to right, rgb(173, 209, 0), rgb(123, 146, 10))\",\"Dance To Forget\":\"linear-gradient(to right, rgb(255, 78, 80), rgb(249, 212, 35))\",\"Starfall\":\"linear-gradient(to right, rgb(240, 194, 123), rgb(75, 18, 72))\",\"Red Mist\":\"linear-gradient(to right, rgb(0, 0, 0), rgb(231, 76, 60))\",\"Teal Love\":\"linear-gradient(to right, rgb(170, 255, 169), rgb(17, 255, 189))\",\"Neon Life\":\"linear-gradient(to right, rgb(179, 255, 171), rgb(18, 255, 247))\",\"Man of Steel\":\"linear-gradient(to right, rgb(120, 2, 6), rgb(6, 17, 97))\",\"Amethyst\":\"linear-gradient(to right, rgb(157, 80, 187), rgb(110, 72, 170))\",\"Cheer Up Emo Kid\":\"linear-gradient(to right, rgb(85, 98, 112), rgb(255, 107, 107))\",\"Shore\":\"linear-gradient(to right, rgb(112, 225, 245), rgb(255, 209, 148))\",\"Facebook Messenger\":\"linear-gradient(to right, rgb(0, 198, 255), rgb(0, 114, 255))\",\"SoundCloud\":\"linear-gradient(to right, rgb(254, 140, 0), rgb(248, 54, 0))\",\"Behongo\":\"linear-gradient(to right, rgb(82, 194, 52), rgb(6, 23, 0))\",\"ServQuick\":\"linear-gradient(to right, rgb(72, 85, 99), rgb(41, 50, 60))\",\"Friday\":\"linear-gradient(to right, rgb(131, 164, 212), rgb(182, 251, 255))\",\"Martini\":\"linear-gradient(to right, rgb(253, 252, 71), rgb(36, 254, 65))\",\"Metallic Toad\":\"linear-gradient(to right, rgb(171, 186, 171), rgb(255, 255, 255))\",\"Between The Clouds\":\"linear-gradient(to right, rgb(115, 200, 169), rgb(55, 59, 68))\",\"Crazy Orange I\":\"linear-gradient(to right, rgb(211, 131, 18), rgb(168, 50, 121))\",\"Hersheys\":\"linear-gradient(to right, rgb(30, 19, 12), rgb(154, 132, 120))\",\"Talking To Mice Elf\":\"linear-gradient(to right, rgb(148, 142, 153), rgb(46, 20, 55))\",\"Purple Bliss\":\"linear-gradient(to right, rgb(54, 0, 51), rgb(11, 135, 147))\",\"Predawn\":\"linear-gradient(to right, rgb(255, 161, 127), rgb(0, 34, 62))\",\"Endless River\":\"linear-gradient(to right, rgb(67, 206, 162), rgb(24, 90, 157))\",\"Pastel Orange at the Sun\":\"linear-gradient(to right, rgb(255, 179, 71), rgb(255, 204, 51))\",\"Twitch\":\"linear-gradient(to right, rgb(100, 65, 165), rgb(42, 8, 69))\",\"Flickr\":\"linear-gradient(to right, rgb(255, 0, 132), rgb(51, 0, 27))\",\"Vine\":\"linear-gradient(to right, rgb(0, 191, 143), rgb(0, 21, 16))\",\"Turquoise flow\":\"linear-gradient(to right, rgb(19, 106, 138), rgb(38, 120, 113))\",\"Portrait\":\"linear-gradient(to right, rgb(142, 158, 171), rgb(238, 242, 243))\",\"Virgin America\":\"linear-gradient(to right, rgb(123, 67, 151), rgb(220, 36, 48))\",\"Koko Caramel\":\"linear-gradient(to right, rgb(209, 145, 60), rgb(255, 209, 148))\",\"Fresh Turboscent\":\"linear-gradient(to right, rgb(241, 242, 181), rgb(19, 80, 88))\",\"Green to dark\":\"linear-gradient(to right, rgb(106, 145, 19), rgb(20, 21, 23))\",\"Ukraine\":\"linear-gradient(to right, rgb(0, 79, 249), rgb(255, 249, 76))\",\"Curiosity blue\":\"linear-gradient(to right, rgb(82, 82, 82), rgb(61, 114, 180))\",\"Dark Knight\":\"linear-gradient(to right, rgb(186, 139, 2), rgb(24, 24, 24))\",\"Piglet\":\"linear-gradient(to right, rgb(238, 156, 167), rgb(255, 221, 225))\",\"Lizard\":\"linear-gradient(to right, rgb(48, 67, 82), rgb(215, 210, 204))\",\"Sage Persuasion\":\"linear-gradient(to right, rgb(204, 204, 178), rgb(117, 117, 25))\",\"Between Night and Day\":\"linear-gradient(to right, rgb(44, 62, 80), rgb(52, 152, 219))\",\"Timber\":\"linear-gradient(to right, rgb(252, 0, 255), rgb(0, 219, 222))\",\"Passion\":\"linear-gradient(to right, rgb(229, 57, 53), rgb(227, 93, 91))\",\"Clear Sky\":\"linear-gradient(to right, rgb(0, 92, 151), rgb(54, 55, 149))\",\"Master Card\":\"linear-gradient(to right, rgb(244, 107, 69), rgb(238, 168, 73))\",\"Back To Earth\":\"linear-gradient(to right, rgb(0, 201, 255), rgb(146, 254, 157))\",\"Deep Purple\":\"linear-gradient(to right, rgb(103, 58, 183), rgb(81, 45, 168))\",\"Little Leaf\":\"linear-gradient(to right, rgb(118, 184, 82), rgb(141, 194, 111))\",\"Netflix\":\"linear-gradient(to right, rgb(142, 14, 0), rgb(31, 28, 24))\",\"Light Orange\":\"linear-gradient(to right, rgb(255, 183, 94), rgb(237, 143, 3))\",\"Green and Blue\":\"linear-gradient(to right, rgb(194, 229, 156), rgb(100, 179, 244))\",\"Poncho\":\"linear-gradient(to right, rgb(64, 58, 62), rgb(190, 88, 105))\",\"Back to the Future\":\"linear-gradient(to right, rgb(192, 36, 37), rgb(240, 203, 53))\",\"Blush\":\"linear-gradient(to right, rgb(178, 69, 146), rgb(241, 95, 121))\",\"Inbox\":\"linear-gradient(to right, rgb(69, 127, 202), rgb(86, 145, 200))\",\"Purplin\":\"linear-gradient(to right, rgb(106, 48, 147), rgb(160, 68, 255))\",\"Pale Wood\":\"linear-gradient(to right, rgb(234, 205, 163), rgb(214, 174, 123))\",\"Haikus\":\"linear-gradient(to right, rgb(253, 116, 108), rgb(255, 144, 104))\",\"Pizelex\":\"linear-gradient(to right, rgb(17, 67, 87), rgb(242, 148, 146))\",\"Joomla\":\"linear-gradient(to right, rgb(30, 60, 114), rgb(42, 82, 152))\",\"Christmas\":\"linear-gradient(to right, rgb(47, 115, 54), rgb(170, 58, 56))\",\"Minnesota Vikings\":\"linear-gradient(to right, rgb(86, 20, 176), rgb(219, 214, 92))\",\"Miami Dolphins\":\"linear-gradient(to right, rgb(77, 160, 176), rgb(211, 157, 56))\",\"Forest\":\"linear-gradient(to right, rgb(90, 63, 55), rgb(44, 119, 68))\",\"Nighthawk\":\"linear-gradient(to right, rgb(41, 128, 185), rgb(44, 62, 80))\",\"Superman\":\"linear-gradient(to right, rgb(0, 153, 247), rgb(241, 23, 18))\",\"Suzy\":\"linear-gradient(to right, rgb(131, 77, 155), rgb(208, 78, 214))\",\"Dark Skies\":\"linear-gradient(to right, rgb(75, 121, 161), rgb(40, 62, 81))\",\"Deep Space\":\"linear-gradient(to right, rgb(0, 0, 0), rgb(67, 67, 67))\",\"Decent\":\"linear-gradient(to right, rgb(76, 161, 175), rgb(196, 224, 229))\",\"Colors Of Sky\":\"linear-gradient(to right, rgb(224, 234, 252), rgb(207, 222, 243))\",\"Purple White\":\"linear-gradient(to right, rgb(186, 83, 112), rgb(244, 226, 216))\",\"Ali\":\"linear-gradient(to right, rgb(255, 75, 31), rgb(31, 221, 255))\",\"Alihossein\":\"linear-gradient(to right, rgb(247, 255, 0), rgb(219, 54, 164))\",\"Shahabi\":\"linear-gradient(to right, rgb(168, 0, 119), rgb(102, 255, 0))\",\"Red Ocean\":\"linear-gradient(to right, rgb(29, 67, 80), rgb(164, 57, 49))\",\"Tranquil\":\"linear-gradient(to right, rgb(238, 205, 163), rgb(239, 98, 159))\",\"Transfile\":\"linear-gradient(to right, rgb(22, 191, 253), rgb(203, 48, 102))\",\"Sylvia\":\"linear-gradient(to right, rgb(255, 75, 31), rgb(255, 144, 104))\",\"Sweet Morning\":\"linear-gradient(to right, rgb(255, 95, 109), rgb(255, 195, 113))\",\"Politics\":\"linear-gradient(to right, rgb(33, 150, 243), rgb(244, 67, 54))\",\"Bright Vault\":\"linear-gradient(to right, rgb(0, 210, 255), rgb(146, 141, 171))\",\"Solid Vault\":\"linear-gradient(to right, rgb(58, 123, 213), rgb(58, 96, 115))\",\"Sunset\":\"linear-gradient(to right, rgb(11, 72, 107), rgb(245, 98, 23))\",\"Grapefruit Sunset\":\"linear-gradient(to right, rgb(233, 100, 67), rgb(144, 78, 149))\",\"Deep Sea Space\":\"linear-gradient(to right, rgb(44, 62, 80), rgb(76, 161, 175))\",\"Dusk\":\"linear-gradient(to right, rgb(44, 62, 80), rgb(253, 116, 108))\",\"Minimal Red\":\"linear-gradient(to right, rgb(240, 0, 0), rgb(220, 40, 30))\",\"Royal\":\"linear-gradient(to right, rgb(20, 30, 48), rgb(36, 59, 85))\",\"Mauve\":\"linear-gradient(to right, rgb(66, 39, 90), rgb(115, 75, 109))\",\"Frost\":\"linear-gradient(to right, rgb(0, 4, 40), rgb(0, 78, 146))\",\"Lush\":\"linear-gradient(to right, rgb(86, 171, 47), rgb(168, 224, 99))\",\"Firewatch\":\"linear-gradient(to right, rgb(203, 45, 62), rgb(239, 71, 58))\",\"Sherbert\":\"linear-gradient(to right, rgb(247, 157, 0), rgb(100, 243, 140))\",\"Blood Red\":\"linear-gradient(to right, rgb(248, 80, 50), rgb(231, 56, 39))\",\"Sun on the Horizon\":\"linear-gradient(to right, rgb(252, 234, 187), rgb(248, 181, 0))\",\"IIIT Delhi\":\"linear-gradient(to right, rgb(128, 128, 128), rgb(63, 173, 168))\",\"Jupiter\":\"linear-gradient(to right, rgb(255, 216, 155), rgb(25, 84, 123))\",\"50 Shades of Grey\":\"linear-gradient(to right, rgb(189, 195, 199), rgb(44, 62, 80))\",\"Dania\":\"linear-gradient(to right, rgb(190, 147, 197), rgb(123, 198, 204))\",\"Limeade\":\"linear-gradient(to right, rgb(161, 255, 206), rgb(250, 255, 209))\",\"Disco\":\"linear-gradient(to right, rgb(78, 205, 196), rgb(85, 98, 112))\",\"Love Couple\":\"linear-gradient(to right, rgb(58, 97, 134), rgb(137, 37, 62))\",\"Azure Pop\":\"linear-gradient(to right, rgb(239, 50, 217), rgb(137, 255, 253))\",\"Nepal\":\"linear-gradient(to right, rgb(222, 97, 97), rgb(38, 87, 235))\",\"Cosmic Fusion\":\"linear-gradient(to right, rgb(255, 0, 204), rgb(51, 51, 153))\",\"Snapchat\":\"linear-gradient(to right, rgb(255, 252, 0), rgb(255, 255, 255))\",\"Eds Sunset Gradient\":\"linear-gradient(to right, rgb(255, 126, 95), rgb(254, 180, 123))\",\"Brady Brady Fun Fun\":\"linear-gradient(to right, rgb(0, 195, 255), rgb(255, 255, 28))\",\"Black Rosé\":\"linear-gradient(to right, rgb(244, 196, 243), rgb(252, 103, 250))\",\"80s Purple\":\"linear-gradient(to right, rgb(65, 41, 90), rgb(47, 7, 67))\",\"Ibiza Sunset\":\"linear-gradient(to right, rgb(238, 9, 121), rgb(255, 106, 0))\",\"Dawn\":\"linear-gradient(to right, rgb(243, 144, 79), rgb(59, 67, 113))\",\"Mild\":\"linear-gradient(to right, rgb(103, 178, 111), rgb(76, 162, 205))\",\"Vice City\":\"linear-gradient(to right, rgb(52, 148, 230), rgb(236, 110, 173))\",\"Jaipur\":\"linear-gradient(to right, rgb(219, 230, 246), rgb(197, 121, 109))\",\"Cocoaa Ice\":\"linear-gradient(to right, rgb(192, 192, 170), rgb(28, 239, 255))\",\"EasyMed\":\"linear-gradient(to right, rgb(220, 227, 91), rgb(69, 182, 73))\",\"Rose Colored Lenses\":\"linear-gradient(to right, rgb(232, 203, 192), rgb(99, 111, 164))\",\"What lies Beyond\":\"linear-gradient(to right, rgb(240, 242, 240), rgb(0, 12, 64))\",\"Roseanna\":\"linear-gradient(to right, rgb(255, 175, 189), rgb(255, 195, 160))\",\"Honey Dew\":\"linear-gradient(to right, rgb(67, 198, 172), rgb(248, 255, 174))\",\"Under the Lake\":\"linear-gradient(to right, rgb(9, 48, 40), rgb(35, 122, 87))\",\"The Blue Lagoon\":\"linear-gradient(to right, rgb(67, 198, 172), rgb(25, 22, 84))\",\"Can You Feel The Love Tonight\":\"linear-gradient(to right, rgb(69, 104, 220), rgb(176, 106, 179))\",\"Very Blue\":\"linear-gradient(to right, rgb(5, 117, 230), rgb(2, 27, 121))\",\"Love and Liberty\":\"linear-gradient(to right, rgb(32, 1, 34), rgb(111, 0, 0))\",\"Orca\":\"linear-gradient(to right, rgb(68, 160, 141), rgb(9, 54, 55))\",\"Venice\":\"linear-gradient(to right, rgb(97, 144, 232), rgb(167, 191, 232))\",\"Pacific Dream\":\"linear-gradient(to right, rgb(52, 232, 158), rgb(15, 52, 67))\",\"Learning and Leading\":\"linear-gradient(to right, rgb(247, 151, 30), rgb(255, 210, 0))\",\"Celestial\":\"linear-gradient(to right, rgb(195, 55, 100), rgb(29, 38, 113))\",\"Purplepine\":\"linear-gradient(to right, rgb(32, 0, 44), rgb(203, 180, 212))\",\"Sha la la\":\"linear-gradient(to right, rgb(214, 109, 117), rgb(226, 149, 135))\",\"Mini\":\"linear-gradient(to right, rgb(48, 232, 191), rgb(255, 130, 53))\",\"Maldives\":\"linear-gradient(to right, rgb(178, 254, 250), rgb(14, 210, 247))\",\"Cinnamint\":\"linear-gradient(to right, rgb(74, 194, 154), rgb(189, 255, 243))\",\"Html\":\"linear-gradient(to right, rgb(228, 77, 38), rgb(241, 101, 41))\",\"Coal\":\"linear-gradient(to right, rgb(235, 87, 87), rgb(0, 0, 0))\",\"Sunkist\":\"linear-gradient(to right, rgb(242, 153, 74), rgb(242, 201, 76))\",\"Blue Skies\":\"linear-gradient(to right, rgb(86, 204, 242), rgb(47, 128, 237))\",\"Chitty Chitty Bang Bang\":\"linear-gradient(to right, rgb(0, 121, 145), rgb(120, 255, 214))\",\"Visions of Grandeur\":\"linear-gradient(to right, rgb(0, 0, 70), rgb(28, 181, 224))\",\"Crystal Clear\":\"linear-gradient(to right, rgb(21, 153, 87), rgb(21, 87, 153))\",\"Mello\":\"linear-gradient(to right, rgb(192, 39, 43), rgb(142, 68, 173))\",\"Compare Now\":\"linear-gradient(to right, rgb(239, 59, 54), rgb(255, 255, 255))\",\"Meridian\":\"linear-gradient(to right, rgb(40, 60, 134), rgb(69, 162, 71))\",\"Alive\":\"linear-gradient(to right, rgb(203, 53, 107), rgb(189, 63, 50))\",\"Scooter\":\"linear-gradient(to right, rgb(54, 209, 220), rgb(91, 134, 229))\",\"Terminal\":\"linear-gradient(to right, rgb(0, 0, 0), rgb(15, 155, 15))\",\"Telegram\":\"linear-gradient(to right, rgb(28, 146, 210), rgb(242, 252, 254))\",\"Crimson Tide\":\"linear-gradient(to right, rgb(100, 43, 115), rgb(198, 66, 110))\",\"Socialive\":\"linear-gradient(to right, rgb(6, 190, 182), rgb(72, 177, 191))\",\"Broken Hearts\":\"linear-gradient(to right, rgb(217, 167, 199), rgb(255, 252, 220))\",\"Kimoby Is The New Blue\":\"linear-gradient(to right, rgb(57, 106, 252), rgb(41, 72, 255))\",\"Dull\":\"linear-gradient(to right, rgb(201, 214, 255), rgb(226, 226, 226))\",\"Purpink\":\"linear-gradient(to right, rgb(127, 0, 255), rgb(225, 0, 255))\",\"Orange Coral\":\"linear-gradient(to right, rgb(255, 153, 102), rgb(255, 94, 98))\",\"Summer\":\"linear-gradient(to right, rgb(34, 193, 195), rgb(253, 187, 45))\",\"Velvet Sun\":\"linear-gradient(to right, rgb(225, 238, 195), rgb(240, 80, 83))\",\"Lithium\":\"linear-gradient(to right, rgb(109, 96, 39), rgb(211, 203, 184))\",\"Digital Water\":\"linear-gradient(to right, rgb(116, 235, 213), rgb(172, 182, 229))\",\"Orange Fun\":\"linear-gradient(to right, rgb(252, 74, 26), rgb(247, 183, 51))\",\"Rainbow Blue\":\"linear-gradient(to right, rgb(0, 242, 96), rgb(5, 117, 230))\",\"Pink Flavour\":\"linear-gradient(to right, rgb(128, 0, 128), rgb(255, 192, 203))\",\"Sulphur\":\"linear-gradient(to right, rgb(202, 197, 49), rgb(243, 249, 167))\",\"Selenium\":\"linear-gradient(to right, rgb(60, 59, 63), rgb(96, 92, 60))\",\"Delicate\":\"linear-gradient(to right, rgb(211, 204, 227), rgb(233, 228, 240))\",\"Ohhappiness\":\"linear-gradient(to right, rgb(0, 176, 155), rgb(150, 201, 61))\",\"Relaxing red\":\"linear-gradient(to right, rgb(255, 251, 213), rgb(178, 10, 44))\",\"Taran Tado\":\"linear-gradient(to right, rgb(35, 7, 77), rgb(204, 83, 51))\",\"Bighead\":\"linear-gradient(to right, rgb(201, 75, 75), rgb(75, 19, 79))\",\"Sublime Vivid\":\"linear-gradient(to right, rgb(252, 70, 107), rgb(63, 94, 251))\",\"Sublime Light\":\"linear-gradient(to right, rgb(252, 92, 125), rgb(106, 130, 251))\",\"Pun Yeta\":\"linear-gradient(to right, rgb(16, 141, 199), rgb(239, 142, 56))\",\"Quepal\":\"linear-gradient(to right, rgb(17, 153, 142), rgb(56, 239, 125))\",\"Sand to Blue\":\"linear-gradient(to right, rgb(62, 81, 81), rgb(222, 203, 164))\",\"Shifter\":\"linear-gradient(to right, rgb(188, 78, 156), rgb(248, 7, 89))\",\"Moon Purple\":\"linear-gradient(to right, rgb(78, 84, 200), rgb(143, 148, 251))\",\"Pure Lust\":\"linear-gradient(to right, rgb(51, 51, 51), rgb(221, 24, 24))\",\"Slight Ocean View\":\"linear-gradient(to right, rgb(168, 192, 255), rgb(63, 43, 150))\",\"eXpresso\":\"linear-gradient(to right, rgb(173, 83, 137), rgb(60, 16, 83))\",\"Shifty\":\"linear-gradient(to right, rgb(99, 99, 99), rgb(162, 171, 88))\",\"Vanusa\":\"linear-gradient(to right, rgb(218, 68, 83), rgb(137, 33, 107))\",\"Evening Night\":\"linear-gradient(to right, rgb(0, 90, 167), rgb(255, 253, 228))\",\"Margo\":\"linear-gradient(to right, rgb(255, 239, 186), rgb(255, 255, 255))\",\"Blue Raspberry\":\"linear-gradient(to right, rgb(0, 180, 219), rgb(0, 131, 176))\",\"Citrus Peel\":\"linear-gradient(to right, rgb(253, 200, 48), rgb(243, 115, 53))\",\"Sin City Red\":\"linear-gradient(to right, rgb(237, 33, 58), rgb(147, 41, 30))\",\"Summer Dog\":\"linear-gradient(to right, rgb(168, 255, 120), rgb(120, 255, 214))\",\"Burning Orange\":\"linear-gradient(to right, rgb(255, 65, 108), rgb(255, 75, 43))\",\"Ultra Voilet\":\"linear-gradient(to right, rgb(101, 78, 163), rgb(234, 175, 200))\",\"By Design\":\"linear-gradient(to right, rgb(0, 159, 255), rgb(236, 47, 75))\",\"Kyoo Tah\":\"linear-gradient(to right, rgb(84, 74, 125), rgb(255, 212, 82))\",\"Kye Meh\":\"linear-gradient(to right, rgb(131, 96, 195), rgb(46, 191, 145))\",\"Kyoo Pal\":\"linear-gradient(to right, rgb(221, 62, 84), rgb(107, 229, 133))\",\"Metapolis\":\"linear-gradient(to right, rgb(101, 153, 153), rgb(244, 121, 31))\",\"Flare\":\"linear-gradient(to right, rgb(241, 39, 17), rgb(245, 175, 25))\",\"Witching Hour\":\"linear-gradient(to right, rgb(195, 20, 50), rgb(36, 11, 54))\",\"Neuromancer\":\"linear-gradient(to right, rgb(249, 83, 198), rgb(185, 29, 115))\",\"Harvey\":\"linear-gradient(to right, rgb(31, 64, 55), rgb(153, 242, 200))\",\"Amin\":\"linear-gradient(to right, rgb(142, 45, 226), rgb(74, 0, 224))\",\"Yoda\":\"linear-gradient(to right, rgb(255, 0, 153), rgb(73, 50, 64))\",\"Dark Ocean\":\"linear-gradient(to right, rgb(55, 59, 68), rgb(66, 134, 244))\",\"Evening Sunshine\":\"linear-gradient(to right, rgb(185, 43, 39), rgb(21, 101, 192))\",\"Cool Blues\":\"linear-gradient(to right, rgb(33, 147, 176), rgb(109, 213, 237))\",\"Piggy Pink\":\"linear-gradient(to right, rgb(238, 156, 167), rgb(255, 221, 225))\",\"Grade Grey\":\"linear-gradient(to right, rgb(189, 195, 199), rgb(44, 62, 80))\",\"Zenta\":\"linear-gradient(to right, rgb(42, 45, 62), rgb(254, 203, 110))\",\"Lensod\":\"linear-gradient(to right, rgb(96, 37, 245), rgb(255, 85, 85))\",\"Dark Blu Two\":\"linear-gradient(to right, rgb(0, 70, 128), rgb(68, 132, 186))\",\"Lemon Lime\":\"linear-gradient(to right, rgb(126, 198, 188), rgb(235, 231, 23))\",\"Mango Papaya\":\"linear-gradient(to right, rgb(222, 138, 65), rgb(42, 218, 83))\",\"Flame\":\"linear-gradient(to right, rgb(255, 0, 0), rgb(253, 207, 88))\",\"Blue Red\":\"linear-gradient(to right, rgb(54, 177, 199), rgb(150, 11, 51))\",\"Twitter\":\"linear-gradient(to right, rgb(29, 161, 242), rgb(0, 159, 252))\",\"Blue Slate\":\"linear-gradient(to right, rgb(181, 185, 255), rgb(43, 44, 73))\",\"Space Light Green\":\"linear-gradient(to right, rgb(159, 160, 168), rgb(92, 120, 82))\",\"Flower\":\"linear-gradient(to right, rgb(220, 255, 189), rgb(204, 134, 209))\",\"Peach Sea\":\"linear-gradient(to right, rgb(230, 174, 140), rgb(168, 206, 207))\",\"Abbas\":\"linear-gradient(to right, rgb(0, 255, 240), rgb(0, 131, 254))\",\"Emerald Sea\":\"linear-gradient(to right, rgb(5, 56, 107), rgb(92, 219, 149))\",\"Bleem\":\"linear-gradient(to right, rgb(66, 132, 219), rgb(41, 234, 196))\",\"Coffee Gold\":\"linear-gradient(to right, rgb(85, 64, 35), rgb(201, 152, 70))\",\"Compass\":\"linear-gradient(to right, rgb(81, 107, 139), rgb(5, 107, 59))\",\"Andreuzzas\":\"linear-gradient(to right, rgb(215, 6, 82), rgb(255, 2, 94))\",\"Moonwalker\":\"linear-gradient(to right, rgb(21, 35, 49), rgb(0, 0, 0))\",\"Hyper Blue\":\"linear-gradient(to right, rgb(89, 205, 233), rgb(10, 42, 136))\",\"Neon Green\":\"linear-gradient(to right, rgb(129, 255, 138), rgb(100, 150, 94))\",\"Dusty Grass\":\"linear-gradient(to right, rgb(212, 252, 121), rgb(150, 230, 161))\",\"Visual Blue\":\"linear-gradient(to right, rgb(0, 61, 77), rgb(0, 201, 150))\"}', '2026-01-22 17:31:18');
INSERT INTO `config` (`config_key`, `config_value`, `modified_at`) VALUES ('site.title', 'PHP App', '2026-04-23 14:52:44');
INSERT INTO `config` (`config_key`, `config_value`, `modified_at`) VALUES ('theme.primary_color', '#1c68cb', '2026-04-23 14:52:44');
COMMIT;

-- ----------------------------
-- Table structure for posts
-- ----------------------------
DROP TABLE IF EXISTS `posts`;
CREATE TABLE `posts` (
  `id` int NOT NULL AUTO_INCREMENT,
  `user_id` int NOT NULL,
  `category_id` int DEFAULT NULL,
  `title` varchar(200) CHARACTER SET utf8mb4 COLLATE utf8mb4_unicode_ci NOT NULL,
  `slug` varchar(200) CHARACTER SET utf8mb4 COLLATE utf8mb4_unicode_ci NOT NULL,
  `content` text CHARACTER SET utf8mb4 COLLATE utf8mb4_unicode_ci,
  `status` enum('draft','published','archived') COLLATE utf8mb4_unicode_ci DEFAULT NULL,
  `is_featured` tinyint(1) DEFAULT '0',
  `views` int DEFAULT '0',
  `image` varchar(255) CHARACTER SET utf8mb4 COLLATE utf8mb4_unicode_ci DEFAULT NULL,
  `gallery_images` text CHARACTER SET utf8mb4 COLLATE utf8mb4_unicode_ci,
  `published_at` datetime DEFAULT NULL,
  `created_at` timestamp NULL DEFAULT CURRENT_TIMESTAMP,
  `updated_at` timestamp NULL DEFAULT CURRENT_TIMESTAMP ON UPDATE CURRENT_TIMESTAMP,
  `file` varchar(255) COLLATE utf8mb4_unicode_ci DEFAULT NULL,
  `json_field` json DEFAULT NULL,
  `color` varchar(255) COLLATE utf8mb4_unicode_ci DEFAULT NULL,
  `cats` varchar(255) COLLATE utf8mb4_unicode_ci DEFAULT NULL,
  `radio_field` varchar(255) COLLATE utf8mb4_unicode_ci DEFAULT NULL,
  `deleted_at` datetime DEFAULT NULL,
  PRIMARY KEY (`id`),
  UNIQUE KEY `slug` (`slug`),
  KEY `idx_user_id` (`user_id`),
  KEY `idx_category_id` (`category_id`),
  KEY `idx_status` (`status`),
  KEY `idx_slug` (`slug`)
) ENGINE=InnoDB AUTO_INCREMENT=42 DEFAULT CHARSET=utf8mb4 COLLATE=utf8mb4_unicode_ci;

-- ----------------------------
-- Records of posts
-- ----------------------------
BEGIN;
INSERT INTO `posts` (`id`, `user_id`, `category_id`, `title`, `slug`, `content`, `status`, `is_featured`, `views`, `image`, `gallery_images`, `published_at`, `created_at`, `updated_at`, `file`, `json_field`, `color`, `cats`, `radio_field`, `deleted_at`) VALUES (2, 2, 13, 'Test Title CLI2', 'getting-started-guide', '<p>Here\'s how to get started with our service. Follow these simple steps to make the most of our platform.</p>', 'published', 0, 75, NULL, NULL, '2025-09-16 10:31:16', '2025-09-16 13:31:16', '2025-09-29 21:14:31', NULL, NULL, '#ff0000', NULL, NULL, NULL);
INSERT INTO `posts` (`id`, `user_id`, `category_id`, `title`, `slug`, `content`, `status`, `is_featured`, `views`, `image`, `gallery_images`, `published_at`, `created_at`, `updated_at`, `file`, `json_field`, `color`, `cats`, `radio_field`, `deleted_at`) VALUES (3, 3, 3, 'Advanced Features', 'advanced-features', 'Exploring the advanced features of our system. This guide covers power user functionality and customization options.', 'draft', 0, 0, NULL, NULL, NULL, '2025-09-16 13:31:16', '2025-09-16 13:31:16', NULL, NULL, NULL, NULL, NULL, NULL);
INSERT INTO `posts` (`id`, `user_id`, `category_id`, `title`, `slug`, `content`, `status`, `is_featured`, `views`, `image`, `gallery_images`, `published_at`, `created_at`, `updated_at`, `file`, `json_field`, `color`, `cats`, `radio_field`, `deleted_at`) VALUES (4, 1, 16, 'Security Best Practices2', 'security-best-practices', '<p>Important security tips for all users. Learn how to keep your account safe and protect your data.</p>', 'published', 1, 200, NULL, NULL, '2025-09-16 10:31:16', '2025-09-16 13:31:16', '2025-09-28 22:29:44', NULL, NULL, '#ff0000', NULL, NULL, NULL);
INSERT INTO `posts` (`id`, `user_id`, `category_id`, `title`, `slug`, `content`, `status`, `is_featured`, `views`, `image`, `gallery_images`, `published_at`, `created_at`, `updated_at`, `file`, `json_field`, `color`, `cats`, `radio_field`, `deleted_at`) VALUES (5, 5, 14, 'Community Guidelines', 'community-guidelines', 'Please read and follow our community guidelines to ensure a positive experience for everyone.', 'published', 0, 120, NULL, NULL, '2025-09-16 10:31:16', '2025-09-16 13:31:16', '2025-09-16 13:31:16', NULL, NULL, NULL, NULL, NULL, NULL);
INSERT INTO `posts` (`id`, `user_id`, `category_id`, `title`, `slug`, `content`, `status`, `is_featured`, `views`, `image`, `gallery_images`, `published_at`, `created_at`, `updated_at`, `file`, `json_field`, `color`, `cats`, `radio_field`, `deleted_at`) VALUES (7, 2, 4, 'Mobile App Release', 'mobile-app-release', 'Our mobile app is now available for iOS and Android. Download it today to stay connected on the go.', 'published', 0, 180, NULL, NULL, '2025-09-16 10:31:16', '2025-09-16 13:31:16', '2025-09-16 13:31:16', NULL, NULL, NULL, NULL, NULL, NULL);
INSERT INTO `posts` (`id`, `user_id`, `category_id`, `title`, `slug`, `content`, `status`, `is_featured`, `views`, `image`, `gallery_images`, `published_at`, `created_at`, `updated_at`, `file`, `json_field`, `color`, `cats`, `radio_field`, `deleted_at`) VALUES (8, 3, 2, 'API Documentation Update', 'api-documentation-update', '<p>We\'ve updated our API documentation with new endpoints and improved examples.</p>', 'draft', 0, 0, '', '', NULL, '2025-09-16 13:31:00', '2025-09-16 13:31:00', NULL, NULL, NULL, NULL, NULL, NULL);
INSERT INTO `posts` (`id`, `user_id`, `category_id`, `title`, `slug`, `content`, `status`, `is_featured`, `views`, `image`, `gallery_images`, `published_at`, `created_at`, `updated_at`, `file`, `json_field`, `color`, `cats`, `radio_field`, `deleted_at`) VALUES (9, 11, 8, 'User Spotlight: Success Stories', 'user-spotlight-success-stories', 'Read about how our users are achieving their goals using our platform.', 'published', 0, 95, NULL, NULL, '2025-09-16 10:31:16', '2025-09-16 13:31:16', '2025-09-16 13:31:16', NULL, NULL, NULL, NULL, NULL, NULL);
INSERT INTO `posts` (`id`, `user_id`, `category_id`, `title`, `slug`, `content`, `status`, `is_featured`, `views`, `image`, `gallery_images`, `published_at`, `created_at`, `updated_at`, `file`, `json_field`, `color`, `cats`, `radio_field`, `deleted_at`) VALUES (10, 13, 1, 'Performance Improvements', 'performance-improvements', 'Recent updates have significantly improved platform performance and loading times.', 'published', 0, 88, NULL, NULL, '2025-09-16 10:31:16', '2025-09-16 13:31:16', '2025-09-16 13:31:16', NULL, NULL, NULL, NULL, NULL, NULL);
INSERT INTO `posts` (`id`, `user_id`, `category_id`, `title`, `slug`, `content`, `status`, `is_featured`, `views`, `image`, `gallery_images`, `published_at`, `created_at`, `updated_at`, `file`, `json_field`, `color`, `cats`, `radio_field`, `deleted_at`) VALUES (11, 14, 15, 'Holiday Season Updates', 'holiday-season-updates', 'Special features and promotions for the holiday season. Don\'t miss out!', 'archived', 0, 445, NULL, NULL, '2023-12-15 10:00:00', '2025-09-16 13:31:16', '2025-09-16 13:31:16', NULL, NULL, NULL, NULL, NULL, NULL);
INSERT INTO `posts` (`id`, `user_id`, `category_id`, `title`, `slug`, `content`, `status`, `is_featured`, `views`, `image`, `gallery_images`, `published_at`, `created_at`, `updated_at`, `file`, `json_field`, `color`, `cats`, `radio_field`, `deleted_at`) VALUES (12, 15, 17, 'Data Privacy Policy Update', 'data-privacy-policy-update', 'Important updates to our data privacy policy. Please review the changes.', 'published', 0, 67, NULL, NULL, '2025-09-16 10:31:16', '2025-09-16 13:31:16', '2025-09-16 13:31:16', NULL, NULL, NULL, NULL, NULL, NULL);
INSERT INTO `posts` (`id`, `user_id`, `category_id`, `title`, `slug`, `content`, `status`, `is_featured`, `views`, `image`, `gallery_images`, `published_at`, `created_at`, `updated_at`, `file`, `json_field`, `color`, `cats`, `radio_field`, `deleted_at`) VALUES (13, 16, 13, 'Tutorial: Advanced Search Techniques', 'tutorial-advanced-search-techniques', 'Master the art of searching with these advanced tips and tricks.', 'published', 0, 143, NULL, NULL, '2025-09-16 10:31:16', '2025-09-16 13:31:16', '2025-09-16 13:31:16', NULL, NULL, NULL, NULL, NULL, NULL);
INSERT INTO `posts` (`id`, `user_id`, `category_id`, `title`, `slug`, `content`, `status`, `is_featured`, `views`, `image`, `gallery_images`, `published_at`, `created_at`, `updated_at`, `file`, `json_field`, `color`, `cats`, `radio_field`, `deleted_at`) VALUES (14, 17, 15, 'Maintenance Schedule', 'maintenance-schedule', 'Scheduled maintenance window for system upgrades. Plan accordingly.', 'draft', 0, 0, NULL, NULL, NULL, '2025-09-16 13:31:16', '2025-09-16 13:31:16', NULL, NULL, NULL, NULL, NULL, NULL);
INSERT INTO `posts` (`id`, `user_id`, `category_id`, `title`, `slug`, `content`, `status`, `is_featured`, `views`, `image`, `gallery_images`, `published_at`, `created_at`, `updated_at`, `file`, `json_field`, `color`, `cats`, `radio_field`, `deleted_at`) VALUES (15, 19, 5, 'New Partnership Announcement', 'new-partnership-announcement', 'We\'re thrilled to announce our partnership with industry leaders.', 'published', 1, 290, NULL, NULL, '2025-09-16 10:31:16', '2025-09-16 13:31:16', '2025-09-16 13:31:16', NULL, NULL, NULL, NULL, NULL, NULL);
INSERT INTO `posts` (`id`, `user_id`, `category_id`, `title`, `slug`, `content`, `status`, `is_featured`, `views`, `image`, `gallery_images`, `published_at`, `created_at`, `updated_at`, `file`, `json_field`, `color`, `cats`, `radio_field`, `deleted_at`) VALUES (16, 21, 1, 'User Interface Redesign', 'user-interface-redesign', 'Check out our fresh new look! The UI has been completely redesigned for better usability.', 'published', 0, 412, NULL, NULL, '2025-09-16 10:31:16', '2025-09-16 13:31:16', '2025-09-16 13:31:16', NULL, NULL, NULL, NULL, NULL, NULL);
INSERT INTO `posts` (`id`, `user_id`, `category_id`, `title`, `slug`, `content`, `status`, `is_featured`, `views`, `image`, `gallery_images`, `published_at`, `created_at`, `updated_at`, `file`, `json_field`, `color`, `cats`, `radio_field`, `deleted_at`) VALUES (17, 22, 16, 'Two-Factor Authentication', 'two-factor-authentication', 'Enhance your account security with our new two-factor authentication feature.', 'published', 0, 178, NULL, NULL, '2025-09-16 10:31:16', '2025-09-16 13:31:16', '2025-09-16 13:31:16', NULL, NULL, NULL, NULL, NULL, NULL);
INSERT INTO `posts` (`id`, `user_id`, `category_id`, `title`, `slug`, `content`, `status`, `is_featured`, `views`, `image`, `gallery_images`, `published_at`, `created_at`, `updated_at`, `file`, `json_field`, `color`, `cats`, `radio_field`, `deleted_at`) VALUES (18, 24, 8, 'Weekly Tips: Productivity Hacks', 'weekly-tips-productivity-hacks', 'Boost your productivity with these simple yet effective tips.', 'published', 0, 234, NULL, NULL, '2025-09-16 10:31:16', '2025-09-16 13:31:16', '2025-09-16 13:31:16', NULL, NULL, NULL, NULL, NULL, NULL);
INSERT INTO `posts` (`id`, `user_id`, `category_id`, `title`, `slug`, `content`, `status`, `is_featured`, `views`, `image`, `gallery_images`, `published_at`, `created_at`, `updated_at`, `file`, `json_field`, `color`, `cats`, `radio_field`, `deleted_at`) VALUES (19, 25, 1, 'System Architecture Overview', 'system-architecture-overview', 'Deep dive into our system architecture and technology stack.', 'draft', 0, 0, NULL, NULL, NULL, '2025-09-16 13:31:16', '2025-09-16 13:31:16', NULL, NULL, NULL, NULL, NULL, NULL);
INSERT INTO `posts` (`id`, `user_id`, `category_id`, `title`, `slug`, `content`, `status`, `is_featured`, `views`, `image`, `gallery_images`, `published_at`, `created_at`, `updated_at`, `file`, `json_field`, `color`, `cats`, `radio_field`, `deleted_at`) VALUES (20, 28, 14, 'Customer Support Updates', 'customer-support-updates', 'New support channels and improved response times for better customer service.', 'published', 0, 156, NULL, NULL, '2025-09-16 10:31:16', '2025-09-16 13:31:16', '2025-09-16 13:31:16', NULL, NULL, NULL, NULL, NULL, NULL);
INSERT INTO `posts` (`id`, `user_id`, `category_id`, `title`, `slug`, `content`, `status`, `is_featured`, `views`, `image`, `gallery_images`, `published_at`, `created_at`, `updated_at`, `file`, `json_field`, `color`, `cats`, `radio_field`, `deleted_at`) VALUES (21, 29, 14, 'Year in Review', 'year-in-review', 'Looking back at our achievements and milestones from the past year.', 'archived', 1, 892, NULL, NULL, '2023-12-31 23:59:59', '2025-09-16 13:31:16', '2025-09-16 13:31:16', NULL, NULL, NULL, NULL, NULL, NULL);
INSERT INTO `posts` (`id`, `user_id`, `category_id`, `title`, `slug`, `content`, `status`, `is_featured`, `views`, `image`, `gallery_images`, `published_at`, `created_at`, `updated_at`, `file`, `json_field`, `color`, `cats`, `radio_field`, `deleted_at`) VALUES (22, 2, 13, 'Getting Started Guide (Copy)', 'getting-started-guide36', 'Here\'s how to get started with our service. Follow these simple steps to make the most of our platform.', 'published', 0, 75, NULL, NULL, '2025-09-16 10:31:16', '2025-09-16 10:34:35', '2025-09-16 10:34:35', NULL, NULL, NULL, NULL, NULL, NULL);
INSERT INTO `posts` (`id`, `user_id`, `category_id`, `title`, `slug`, `content`, `status`, `is_featured`, `views`, `image`, `gallery_images`, `published_at`, `created_at`, `updated_at`, `file`, `json_field`, `color`, `cats`, `radio_field`, `deleted_at`) VALUES (32, 4, NULL, 'Test Without Tab Switch (Edited x)', 'test-without-tab-switch', '<p>ddd</p>', 'published', 1, 0, 'G1pDC0eWkAAO2Jb-527666.jpeg', NULL, NULL, '2025-09-16 11:49:52', '2025-09-26 14:41:15', NULL, NULL, '#ff0000', NULL, NULL, NULL);
INSERT INTO `posts` (`id`, `user_id`, `category_id`, `title`, `slug`, `content`, `status`, `is_featured`, `views`, `image`, `gallery_images`, `published_at`, `created_at`, `updated_at`, `file`, `json_field`, `color`, `cats`, `radio_field`, `deleted_at`) VALUES (33, 1, NULL, 'Test Post with Image', 'test-post-with-image', '<p>This is a test post with an image.</p>', 'published', 1, 0, 'image-327597.jpg', 'insavericon5-119128.png,image-440558.jpg', NULL, '2025-09-22 15:50:51', '2025-09-25 16:37:19', 'gnu_bash_1878-png-929414.zip,gnu_bash_1878-png-154336.zip', NULL, '#388eff', 'design,culture', 'archived', NULL);
INSERT INTO `posts` (`id`, `user_id`, `category_id`, `title`, `slug`, `content`, `status`, `is_featured`, `views`, `image`, `gallery_images`, `published_at`, `created_at`, `updated_at`, `file`, `json_field`, `color`, `cats`, `radio_field`, `deleted_at`) VALUES (36, 3, NULL, 'evwevwe', 'erre', '<p>sdvsdv</p>', 'draft', 0, 0, NULL, NULL, NULL, '2025-09-26 12:00:53', '2025-09-26 15:01:08', NULL, NULL, '#ff0000', NULL, NULL, NULL);
INSERT INTO `posts` (`id`, `user_id`, `category_id`, `title`, `slug`, `content`, `status`, `is_featured`, `views`, `image`, `gallery_images`, `published_at`, `created_at`, `updated_at`, `file`, `json_field`, `color`, `cats`, `radio_field`, `deleted_at`) VALUES (37, 1, NULL, 'Test Title', 'test-slug-from-hook', 'Test content', 'draft', 0, 0, NULL, NULL, NULL, '2025-09-26 15:03:18', '2026-01-22 14:08:49', NULL, NULL, '#000000', NULL, NULL, NULL);
INSERT INTO `posts` (`id`, `user_id`, `category_id`, `title`, `slug`, `content`, `status`, `is_featured`, `views`, `image`, `gallery_images`, `published_at`, `created_at`, `updated_at`, `file`, `json_field`, `color`, `cats`, `radio_field`, `deleted_at`) VALUES (38, 1, NULL, 'My Test Post', 'my-test-post mzgs', 'Test content here', 'draft', 0, 0, NULL, NULL, NULL, '2025-09-26 12:03:34', '2025-09-26 15:03:34', NULL, NULL, NULL, NULL, NULL, NULL);
INSERT INTO `posts` (`id`, `user_id`, `category_id`, `title`, `slug`, `content`, `status`, `is_featured`, `views`, `image`, `gallery_images`, `published_at`, `created_at`, `updated_at`, `file`, `json_field`, `color`, `cats`, `radio_field`, `deleted_at`) VALUES (39, 4, NULL, 'sdvsdvd', 'ss', '<p>sdvsdv</p>', 'draft', 1, 0, 'image-712752.jpg', NULL, NULL, '2025-09-26 12:03:57', '2025-10-06 16:06:05', NULL, NULL, '#ff0000', NULL, NULL, NULL);
INSERT INTO `posts` (`id`, `user_id`, `category_id`, `title`, `slug`, `content`, `status`, `is_featured`, `views`, `image`, `gallery_images`, `published_at`, `created_at`, `updated_at`, `file`, `json_field`, `color`, `cats`, `radio_field`, `deleted_at`) VALUES (40, 3, NULL, 'wefewd', 'audit-slug-0f2f5263', '<p>ewfffwe</p>', 'draft', 1, 0, 'photos/musicappicon3-307264.png', NULL, NULL, '2025-09-26 19:10:45', '2025-10-06 16:13:51', NULL, NULL, '#ff0000', NULL, NULL, NULL);
INSERT INTO `posts` (`id`, `user_id`, `category_id`, `title`, `slug`, `content`, `status`, `is_featured`, `views`, `image`, `gallery_images`, `published_at`, `created_at`, `updated_at`, `file`, `json_field`, `color`, `cats`, `radio_field`, `deleted_at`) VALUES (41, 4, NULL, 'ewfewfwef', 'new-post-1758979558', NULL, 'draft', 0, 0, 'image-071565.jpg', NULL, NULL, '2025-09-27 13:25:03', '2025-10-06 16:07:27', NULL, NULL, '#ff0000', NULL, NULL, NULL);
COMMIT;

-- ----------------------------
-- Table structure for table1
-- ----------------------------
DROP TABLE IF EXISTS `table1`;
CREATE TABLE `table1` (
  `id` int unsigned NOT NULL AUTO_INCREMENT,
  `sdfsdf` varchar(255) DEFAULT NULL,
  `dfbdfb` varchar(255) DEFAULT NULL,
  PRIMARY KEY (`id`)
) ENGINE=InnoDB DEFAULT CHARSET=utf8mb4 COLLATE=utf8mb4_0900_ai_ci;

-- ----------------------------
-- Records of table1
-- ----------------------------
BEGIN;
COMMIT;

-- ----------------------------
-- Table structure for testtable
-- ----------------------------
DROP TABLE IF EXISTS `testtable`;
CREATE TABLE `testtable` (
  `id` int unsigned NOT NULL AUTO_INCREMENT,
  `status` tinyint(1) DEFAULT NULL,
  `vsdvs` date DEFAULT NULL,
  `newcol` text,
  PRIMARY KEY (`id`)
) ENGINE=InnoDB DEFAULT CHARSET=utf8mb4 COLLATE=utf8mb4_0900_ai_ci;

-- ----------------------------
-- Records of testtable
-- ----------------------------
BEGIN;
COMMIT;

-- ----------------------------
-- Table structure for users
-- ----------------------------
DROP TABLE IF EXISTS `users`;
CREATE TABLE `users` (
  `id` int NOT NULL AUTO_INCREMENT,
  `username` varchar(50) CHARACTER SET utf8mb4 COLLATE utf8mb4_unicode_ci NOT NULL,
  `email` varchar(100) CHARACTER SET utf8mb4 COLLATE utf8mb4_unicode_ci NOT NULL,
  `password` varchar(255) CHARACTER SET utf8mb4 COLLATE utf8mb4_unicode_ci DEFAULT NULL,
  `role` enum('admin','user','moderator') CHARACTER SET utf8mb4 COLLATE utf8mb4_unicode_ci DEFAULT 'user',
  `is_active` tinyint(1) DEFAULT '1',
  `age` int DEFAULT NULL,
  `bio` text CHARACTER SET utf8mb4 COLLATE utf8mb4_unicode_ci,
  `created_at` timestamp NULL DEFAULT CURRENT_TIMESTAMP,
  `updated_at` timestamp NULL DEFAULT CURRENT_TIMESTAMP ON UPDATE CURRENT_TIMESTAMP,
  `sdddfsdfsdf` varchar(255) COLLATE utf8mb4_unicode_ci DEFAULT NULL,
  `test` varchar(255) COLLATE utf8mb4_unicode_ci DEFAULT NULL,
  `asda44` varchar(255) COLLATE utf8mb4_unicode_ci DEFAULT NULL,
  `status` varchar(40) COLLATE utf8mb4_unicode_ci NOT NULL DEFAULT 'active',
  PRIMARY KEY (`id`),
  UNIQUE KEY `username` (`username`),
  KEY `idx_email` (`email`),
  KEY `idx_role` (`role`)
) ENGINE=InnoDB AUTO_INCREMENT=30 DEFAULT CHARSET=utf8mb4 COLLATE=utf8mb4_unicode_ci;

-- ----------------------------
-- Records of users
-- ----------------------------
BEGIN;
INSERT INTO `users` (`id`, `username`, `email`, `password`, `role`, `is_active`, `age`, `bio`, `created_at`, `updated_at`, `sdddfsdfsdf`, `test`, `asda44`, `status`) VALUES (1, 'admin', 'admin@example.com', '$2y$10$YourHashedPasswordHere', 'admin', 1, 35, 'System administrator with full access rights.', '2025-09-16 13:31:16', '2025-09-16 13:31:16', NULL, NULL, NULL, 'active');
INSERT INTO `users` (`id`, `username`, `email`, `password`, `role`, `is_active`, `age`, `bio`, `created_at`, `updated_at`, `sdddfsdfsdf`, `test`, `asda44`, `status`) VALUES (2, 'john_doe', 'john@example.com', '$2y$10$YourHashedPasswordHere', 'user', 1, 28, 'Regular user interested in technology.', '2025-09-16 13:31:16', '2025-09-16 13:31:16', NULL, NULL, NULL, 'active');
INSERT INTO `users` (`id`, `username`, `email`, `password`, `role`, `is_active`, `age`, `bio`, `created_at`, `updated_at`, `sdddfsdfsdf`, `test`, `asda44`, `status`) VALUES (3, 'jane_smith', 'jane@example.com', '$2y$10$YourHashedPasswordHere', 'admin', 1, 32, 'Senior administrator and team lead.', '2025-09-16 13:31:16', '2025-09-16 13:31:16', NULL, NULL, NULL, 'active');
INSERT INTO `users` (`id`, `username`, `email`, `password`, `role`, `is_active`, `age`, `bio`, `created_at`, `updated_at`, `sdddfsdfsdf`, `test`, `asda44`, `status`) VALUES (4, 'bob_wilson', 'bob@example.com', '$2y$10$YourHashedPasswordHere', 'user', 0, 45, 'Inactive user account.', '2025-09-16 13:31:16', '2025-09-16 13:31:16', NULL, NULL, NULL, 'active');
INSERT INTO `users` (`id`, `username`, `email`, `password`, `role`, `is_active`, `age`, `bio`, `created_at`, `updated_at`, `sdddfsdfsdf`, `test`, `asda44`, `status`) VALUES (5, 'alice_jones', 'alice@example.com', '$2y$10$YourHashedPasswordHere', 'moderator', 1, 29, 'Content moderator and support specialist.', '2025-09-16 13:31:16', '2025-09-16 13:31:16', NULL, NULL, NULL, 'active');
INSERT INTO `users` (`id`, `username`, `email`, `password`, `role`, `is_active`, `age`, `bio`, `created_at`, `updated_at`, `sdddfsdfsdf`, `test`, `asda44`, `status`) VALUES (6, 'charlie_brown', 'charlie@example.com', '$2y$10$YourHashedPasswordHere', 'user', 1, 26, 'New user exploring the platform.', '2025-09-16 13:31:16', '2025-09-16 13:31:16', NULL, NULL, NULL, 'active');
INSERT INTO `users` (`id`, `username`, `email`, `password`, `role`, `is_active`, `age`, `bio`, `created_at`, `updated_at`, `sdddfsdfsdf`, `test`, `asda44`, `status`) VALUES (7, 'diana_prince', 'diana@example.com', '$2y$10$YourHashedPasswordHere', 'admin', 1, 30, 'Security administrator.', '2025-09-16 13:31:16', '2025-09-16 13:31:16', NULL, NULL, NULL, 'active');
INSERT INTO `users` (`id`, `username`, `email`, `password`, `role`, `is_active`, `age`, `bio`, `created_at`, `updated_at`, `sdddfsdfsdf`, `test`, `asda44`, `status`) VALUES (8, 'erik_larson', 'erik@example.com', '$2y$10$YourHashedPasswordHere', 'user', 1, 33, NULL, '2025-09-16 13:31:16', '2025-09-16 13:31:16', NULL, NULL, NULL, 'active');
INSERT INTO `users` (`id`, `username`, `email`, `password`, `role`, `is_active`, `age`, `bio`, `created_at`, `updated_at`, `sdddfsdfsdf`, `test`, `asda44`, `status`) VALUES (9, 'fiona_green', 'fiona@example.com', '$2y$10$YourHashedPasswordHere', 'moderator', 1, 27, 'Community manager and moderator.', '2025-09-16 13:31:16', '2025-09-16 13:31:16', NULL, NULL, NULL, 'active');
INSERT INTO `users` (`id`, `username`, `email`, `password`, `role`, `is_active`, `age`, `bio`, `created_at`, `updated_at`, `sdddfsdfsdf`, `test`, `asda44`, `status`) VALUES (10, 'george_harris', 'george@example.com', '$2y$10$YourHashedPasswordHere', 'user', 0, 41, 'Account suspended for review.', '2025-09-16 13:31:16', '2025-09-16 13:31:16', NULL, NULL, NULL, 'active');
INSERT INTO `users` (`id`, `username`, `email`, `password`, `role`, `is_active`, `age`, `bio`, `created_at`, `updated_at`, `sdddfsdfsdf`, `test`, `asda44`, `status`) VALUES (11, 'helen_walker', 'helen@example.com', '$2y$10$YourHashedPasswordHere', 'moderator', 1, 34, 'Senior moderator with 5 years experience.', '2025-09-16 13:31:16', '2025-09-16 13:31:16', NULL, NULL, NULL, 'active');
INSERT INTO `users` (`id`, `username`, `email`, `password`, `role`, `is_active`, `age`, `bio`, `created_at`, `updated_at`, `sdddfsdfsdf`, `test`, `asda44`, `status`) VALUES (12, 'ian_murphy', 'ian@example.com', '$2y$10$YourHashedPasswordHere', 'user', 1, 22, 'College student and part-time blogger.', '2025-09-16 13:31:16', '2025-09-16 13:31:16', NULL, NULL, NULL, 'active');
INSERT INTO `users` (`id`, `username`, `email`, `password`, `role`, `is_active`, `age`, `bio`, `created_at`, `updated_at`, `sdddfsdfsdf`, `test`, `asda44`, `status`) VALUES (13, 'julia_chen', 'julia@example.com', '$2y$10$YourHashedPasswordHere', 'admin', 1, 38, 'Database administrator and system architect.', '2025-09-16 13:31:16', '2025-09-16 13:31:16', NULL, NULL, NULL, 'active');
INSERT INTO `users` (`id`, `username`, `email`, `password`, `role`, `is_active`, `age`, `bio`, `created_at`, `updated_at`, `sdddfsdfsdf`, `test`, `asda44`, `status`) VALUES (14, 'kevin_lee', 'kevin@example.com', '$2y$10$YourHashedPasswordHere', 'user', 1, 31, 'Freelance developer and open source contributor.', '2025-09-16 13:31:16', '2025-09-16 13:31:16', NULL, NULL, NULL, 'active');
INSERT INTO `users` (`id`, `username`, `email`, `password`, `role`, `is_active`, `age`, `bio`, `created_at`, `updated_at`, `sdddfsdfsdf`, `test`, `asda44`, `status`) VALUES (15, 'laura_martin', 'laura@example.com', '$2y$10$YourHashedPasswordHere', 'moderator', 1, 29, 'Content reviewer and community guidelines enforcer.', '2025-09-16 13:31:16', '2025-09-16 13:31:16', NULL, NULL, NULL, 'active');
INSERT INTO `users` (`id`, `username`, `email`, `password`, `role`, `is_active`, `age`, `bio`, `created_at`, `updated_at`, `sdddfsdfsdf`, `test`, `asda44`, `status`) VALUES (16, 'michael_davis', 'michael@example.com', '$2y$10$YourHashedPasswordHere', 'user', 1, 36, 'Business analyst with interest in data visualization.', '2025-09-16 13:31:16', '2025-09-16 13:31:16', NULL, NULL, NULL, 'active');
INSERT INTO `users` (`id`, `username`, `email`, `password`, `role`, `is_active`, `age`, `bio`, `created_at`, `updated_at`, `sdddfsdfsdf`, `test`, `asda44`, `status`) VALUES (17, 'nina_patel', 'nina@example.com', '$2y$10$YourHashedPasswordHere', 'user', 1, 25, 'Graphic designer and UI/UX enthusiast.', '2025-09-16 13:31:16', '2025-09-16 13:31:16', NULL, NULL, NULL, 'active');
INSERT INTO `users` (`id`, `username`, `email`, `password`, `role`, `is_active`, `age`, `bio`, `created_at`, `updated_at`, `sdddfsdfsdf`, `test`, `asda44`, `status`) VALUES (18, 'oliver_thompson', 'oliver@example.com', '$2y$10$YourHashedPasswordHere', 'admin', 1, 42, 'Chief security officer and compliance manager.', '2025-09-16 13:31:16', '2025-09-16 13:31:16', NULL, NULL, NULL, 'active');
INSERT INTO `users` (`id`, `username`, `email`, `password`, `role`, `is_active`, `age`, `bio`, `created_at`, `updated_at`, `sdddfsdfsdf`, `test`, `asda44`, `status`) VALUES (19, 'patricia_white', 'patricia@example.com', '$2y$10$YourHashedPasswordHere', 'user', 0, 33, 'Former user - account deactivated by request.', '2025-09-16 13:31:16', '2025-09-16 13:31:16', NULL, NULL, NULL, 'active');
INSERT INTO `users` (`id`, `username`, `email`, `password`, `role`, `is_active`, `age`, `bio`, `created_at`, `updated_at`, `sdddfsdfsdf`, `test`, `asda44`, `status`) VALUES (20, 'quincy_adams', 'quincy@example.com', '$2y$10$YourHashedPasswordHere', 'moderator', 1, 37, 'Night shift moderator and escalation handler.', '2025-09-16 13:31:16', '2025-09-16 13:31:16', NULL, NULL, NULL, 'active');
INSERT INTO `users` (`id`, `username`, `email`, `password`, `role`, `is_active`, `age`, `bio`, `created_at`, `updated_at`, `sdddfsdfsdf`, `test`, `asda44`, `status`) VALUES (21, 'rachel_green', 'rachel@example.com', '$2y$10$YourHashedPasswordHere', 'user', 1, 28, 'Fashion blogger and social media influencer.', '2025-09-16 13:31:16', '2025-09-16 13:31:16', NULL, NULL, NULL, 'active');
INSERT INTO `users` (`id`, `username`, `email`, `password`, `role`, `is_active`, `age`, `bio`, `created_at`, `updated_at`, `sdddfsdfsdf`, `test`, `asda44`, `status`) VALUES (22, 'samuel_jackson', 'samuel@example.com', '$2y$10$YourHashedPasswordHere', 'user', 1, 44, 'Veteran user and community mentor.', '2025-09-16 13:31:16', '2025-09-16 13:31:16', NULL, NULL, NULL, 'active');
INSERT INTO `users` (`id`, `username`, `email`, `password`, `role`, `is_active`, `age`, `bio`, `created_at`, `updated_at`, `sdddfsdfsdf`, `test`, `asda44`, `status`) VALUES (23, 'tina_rodriguez', 'tina@example.com', '$2y$10$YourHashedPasswordHere', 'admin', 1, 35, 'Operations manager and process optimization specialist.', '2025-09-16 13:31:16', '2025-09-16 13:31:16', NULL, NULL, NULL, 'active');
INSERT INTO `users` (`id`, `username`, `email`, `password`, `role`, `is_active`, `age`, `bio`, `created_at`, `updated_at`, `sdddfsdfsdf`, `test`, `asda44`, `status`) VALUES (24, 'ursula_black', 'ursula@example.com', '$2y$10$YourHashedPasswordHere', 'user', 1, 39, 'Data scientist working on machine learning projects.', '2025-09-16 13:31:16', '2025-09-16 13:31:16', NULL, NULL, NULL, 'active');
INSERT INTO `users` (`id`, `username`, `email`, `password`, `role`, `is_active`, `age`, `bio`, `created_at`, `updated_at`, `sdddfsdfsdf`, `test`, `asda44`, `status`) VALUES (25, 'victor_stone', 'victor@example.com', '$2y$10$YourHashedPasswordHere', 'moderator', 1, 30, 'Technical moderator specializing in code reviews.', '2025-09-16 13:31:16', '2025-09-16 13:31:16', NULL, NULL, NULL, 'active');
INSERT INTO `users` (`id`, `username`, `email`, `password`, `role`, `is_active`, `age`, `bio`, `created_at`, `updated_at`, `sdddfsdfsdf`, `test`, `asda44`, `status`) VALUES (26, 'wendy_clark', 'wendy@example.com', '$2y$10$YourHashedPasswordHere', 'user', 1, 26, 'Junior developer learning web technologies.', '2025-09-16 13:31:16', '2025-09-16 13:31:16', NULL, NULL, NULL, 'active');
INSERT INTO `users` (`id`, `username`, `email`, `password`, `role`, `is_active`, `age`, `bio`, `created_at`, `updated_at`, `sdddfsdfsdf`, `test`, `asda44`, `status`) VALUES (27, 'xavier_foster', 'xavier@example.com', '$2y$10$YourHashedPasswordHere', 'user', 0, 48, 'Retired user - account inactive.', '2025-09-16 13:31:16', '2025-09-16 13:31:16', NULL, NULL, NULL, 'active');
INSERT INTO `users` (`id`, `username`, `email`, `password`, `role`, `is_active`, `age`, `bio`, `created_at`, `updated_at`, `sdddfsdfsdf`, `test`, `asda44`, `status`) VALUES (28, 'yasmin_ahmed', 'yasmin@example.com', '$2y$10$YourHashedPasswordHere', 'admin', 1, 31, 'DevOps engineer and infrastructure specialist.', '2025-09-16 13:31:16', '2025-09-16 13:31:16', NULL, NULL, NULL, 'active');
INSERT INTO `users` (`id`, `username`, `email`, `password`, `role`, `is_active`, `age`, `bio`, `created_at`, `updated_at`, `sdddfsdfsdf`, `test`, `asda44`, `status`) VALUES (29, 'zachary_taylor', 'zachary@example.com', '$2y$10$YourHashedPasswordHere', 'user', 1, 23, 'Recent graduate starting career in tech.', '2025-09-16 13:31:16', '2025-09-16 13:31:16', NULL, NULL, NULL, 'active');
COMMIT;

SET FOREIGN_KEY_CHECKS = 1;
